{"cameraMode":{"drawMode":0,"name":"Shaded","section":"Shading Mode"},"sceneLighting":false,"audioPlay":false,"sceneViewState":{"m_AlwaysRefresh":false,"showFog":true,"showSkybox":false,"showFlares":true,"showImageEffects":true,"showParticleSystems":true,"showVisualEffectGraphs":true,"m_FxEnabled":true},"in2DMode":false,"pivot":{"x":-1.4142227172851563,"y":1.334808588027954,"z":1.4041316509246827},"rotation":{"x":0.004044670145958662,"y":0.9275895357131958,"z":-0.010023864917457104,"w":0.37350738048553469},"size":1.874035358428955,"orthographic":false}