{"cameraMode":{"drawMode":0,"name":"Shaded","section":"Shading Mode"},"sceneLighting":false,"audioPlay":false,"sceneViewState":{"m_AlwaysRefresh":false,"showFog":true,"showSkybox":false,"showFlares":true,"showImageEffects":true,"showParticleSystems":true,"showVisualEffectGraphs":true,"m_FxEnabled":true},"in2DMode":false,"pivot":{"x":-1.13100004196167,"y":1.2960000038146973,"z":0.02630000002682209},"rotation":{"x":-0.0024039584677666427,"y":0.9972319602966309,"z":-0.06472054868936539,"w":-0.03711346164345741},"size":0.20596805214881898,"orthographic":false}